title;brand;gtin;price;currency;stock;sku
"Lenovo ThinkPad E15 15.6"", 256 GB, Matte, Black";Lenovo;4262595980761;257,21;EUR;in stock;LAB-4537
"PEAQ PTV 32H-5024C HD-Ready TV 32""";PEAQ;4049011197039;142,59;EUR;out of stock;LAB-4538
"PEAQ PTV 32GH-5026C HD-Ready Google TV 32""";PEAQ;4049011222830;149,00;EUR;in stock;LAB-4539
"Samsung GU 50 TU 8079 UXZG 50"", Schieferschwarz, stand";Samsung;8806090417979;379,88;EUR;in stock;LAB-4540
SAMSUNG GU 65 AU 7199 UXZG LED TV (Flat, 65 Zoll / 163 cm, UHD 4K, SMART TV, Tizen);Samsung;8806092076754;473,37;EUR;out of stock;LAB-4541
"STRONG SRT24HE4023 HD TV 24""";STRONG;9120072375002;139,15;EUR;in stock;LAB-4542
PANASONIC TV-65Z80AEZ TV (Flat, 65 Zoll / 164 cm, OLED 4K, SMART TV);Panasonic;5025232969036;1601,58;EUR;out of stock;LAB-4543
SONY KD 65 X 85 LAEP LED TV (Flat, 65 Zoll / 165 cm, UHD 4K, SMART TV, Google TV);Sony;4548736150980;1571,56;EUR;in stock;LAB-4544
SAMSUNG OLED GQ 77 S 95 DATXZG OLED TV (Flat, 77 Zoll / 195 cm, OLED 4K, SMART TV);Samsung;8806095414997;4265,86;EUR;in stock;LAB-4545
LG ELECTRONICS OLED65C69LB (2026) 65 Zoll OLED evo AI C6 4K Smart TV;LG Electronics;8806096686027;2598,96;EUR;in stock;LAB-4546
Apple iPhone 17, 256 GB, Nebelblau, Dual SIM;Apple;0195950643985;900,62;EUR;in stock;LAB-4547
Apple iPhone 17, 256 GB, White, Dual SIM;Apple;0195950643787;882,24;EUR;in stock;LAB-4548
Apple iPhone 17 Pro Max, 1 TB, Cosmic Orange, Dual SIM;Apple;0195950640298;2031,93;EUR;in stock;LAB-4550
Apple iPhone 17 Pro, 512 GB, Silver, Dual SIM;Apple;0195950627848;1469,02;EUR;in stock;LAB-4551
Apple iPhone 17 Pro Max, 512 GB, Deep Blue, Dual SIM;Apple;0195950639896;1786,51;EUR;in stock;LAB-4552
Xiaomi Redmi 15C, 128 GB, Mint Green, Dual SIM;Xiaomi;6932554455484;117,59;EUR;preorder;LAB-4554
Apple IPHONE 15 PLUS Pink Dual SIM, 128 GB, Pink;Apple;0195949040917;640,73;EUR;preorder;LAB-4555
"ProCaster LE-24A551H HD Ready LED TV 24"", 12 V";ProCaster;6438148044398;202,98;EUR;out of stock;LAB-4556
"Samsung UE32T5372CD Full HD Smart LED TV 32""";Samsung;8806094908572;287,49;EUR;in stock;LAB-4557
"Sony Bravia 9 75"", Gray";Sony;4548736159624;3742,96;EUR;preorder;LAB-4558
"Lenovo V17 Gen 4 17.3"", Windows 11 Pro (83A2003FMX)";Lenovo;0198153165865;849,99;EUR;preorder;LAB-4559
"HP ZBook Fury 16 G11 16"", Windows 11 Pro 64-bit (98K03ET)";HP;0198415234391;8685,60;EUR;in stock;LAB-4560
"FPD G500 32"" (2025), Black, stand";FPD;6921958600422;248,56;EUR;in stock;LAB-4561
"Samsung DU9072 98"" (2024), Black";Samsung;8806095544137;2969,01;EUR;in stock;LAB-4562
Samsung Galaxy A16 LTE, 128 GB, Light Green;Samsung;8806095823003;137,79;EUR;in stock;LAB-4563
"Samsung U80 55"" (2025), Black";Samsung;8806097067603;1845,80;EUR;in stock;LAB-4564
"Samsung U80 65"" (2025), Black, stand";Samsung;8806097067627;4178,00;EUR;in stock;LAB-4565
"LG OLED evo G5 55"" 4K, stand";LG Electronics;8806096363683;2389,08;EUR;in stock;LAB-4567
"LG OLED B4E 4K TV 55""";LG Electronics;8806096172704;1259,10;EUR;in stock;LAB-4568
"LG QNED87A 55"", Black";LG Electronics;8806096317914;1187,01;EUR;in stock;LAB-4569
"LG QNED86A 75"", Glossy, Black";LG Electronics;8806096362006;2018,99;EUR;in stock;LAB-4570
"HP ZBook 8 G1i 14"", 2 TB, Meteor silver";HP;0199251712005;3585,82;EUR;in stock;LAB-4571
"HP ZBook 8 G1a 14"", 512 GB, Meteor silver";HP;0199251712258;2638,16;EUR;in stock;LAB-4572
"TCL S5409 32"", Gray";TCL;5901292520144;158,86;EUR;in stock;LAB-4573
"HP VICTUS 15-fb2001no 15.6"", 512 GB, Wi-Fi, Mica silver";HP;0199251660788;1053,99;EUR;preorder;LAB-4574
"Lenovo ThinkPad E16 Gen 3 tietokone 16"", Windows 11 Pro (21SR0045MX)";Lenovo;0198158351157;1080,99;EUR;in stock;LAB-4575
"Asus ROG Strix G16 pelikannettava 16"", Windows 11 (G614FR-S5113W)";Asus;4711387971314;2851,99;EUR;in stock;LAB-4576
"ProCaster SL970H 65"" (2026), Black, stand";ProCaster;6438148064105;707,41;EUR;preorder;LAB-4577
"Asus ProArt P16 16"", 1 TB, Wi-Fi, Black, OLED, RTX 5060";Asus;4711636017916;2537,99;EUR;preorder;LAB-4578
"FPD ML970 65"" (2025), Black, 4K, Mini-LED, Google TV";FPD;6921958600958;640,93;EUR;in stock;LAB-4579
Lenovo Thinkpad P16v Gen 3 tietokone, Windows 11 Pro (21RS000WMX);Lenovo;0199271933466;4619,19;EUR;out of stock;LAB-4580
Lenovo Thinkpad P16v Gen 3 tietokone, Windows 11 Pro (21RS000SMX);Lenovo;0199271935644;4658,04;EUR;in stock;LAB-4581
Lenovo ThinkPad P16 Gen 3 tietokone, Windows 11 Pro (21RQ000JMX);Lenovo;0199271681541;7324,60;EUR;in stock;LAB-4582
Lenovo ThinkPad P16 Gen 3 tietokone, Windows 11 Pro (21RQ0007MX);Lenovo;0199271686140;7450,30;EUR;in stock;LAB-4583
"TCL C6K 50"", Black, 4K, QD Mini-LED, Google TV";TCL;5901292528744;1078,92;EUR;in stock;LAB-4584
HP ZBook Fury G1i 18 tietokone, Windows 11 Pro (98L68ET);HP;0199485083421;6197,33;EUR;in stock;LAB-4585
"Samsung U7022F 65"" (2025), Titanium grey";Samsung;8806097253020;472,77;EUR;preorder;LAB-4586
"LG OLED evo C5 55"" 4K (C51)";LG Electronics;8806096381885;751,44;EUR;preorder;LAB-4587
"TCL P7K 85"" 4K QLED";TCL;5901292525903;1906,94;EUR;in stock;LAB-4588
"Samsung U7022F 43"" (2025), Titanium grey";Samsung;8806097253211;484,03;EUR;in stock;LAB-4589
"LG UA75 55"" (2025), Black";LG Electronics;8806096353172;700,92;EUR;preorder;LAB-4591
"Lenovo ThinkPad T14 Gen 6 14"", 512 GB, Wi-Fi, Black";Lenovo;0199273948192;2057,12;EUR;preorder;LAB-4592
"Samsung S91F 83"" 4K OLED (TQ)";Samsung;8806097870661;2988,85;EUR;in stock;LAB-4593
"Samsung QN70F 75"" (2025), Black, 4K, Mini-LED";Samsung;8806095973517;2278,86;EUR;in stock;LAB-4594
"Dell Pro 15 Essential 15.6"" (YFTTM), 512 GB, Wi-Fi, Black";Dell;5397184989500;1121,04;EUR;in stock;LAB-4595
Dell Pro 14 tietokone, Windows 11 Pro (16DVH);Dell;5397184986837;1714,65;EUR;preorder;LAB-4596
Dell Pro Max 14 tietokone, Windows 11 Pro (52M08);Dell;5397184985953;3562,02;EUR;in stock;LAB-4597
"TCL P81K 75"" 4K QLED";TCL;5901292526931;862,92;EUR;in stock;LAB-4598
"TCL C7L 98"", Black";TCL;5901292529918;4948,90;EUR;in stock;LAB-4599
"TCL C7L 65"", Black";TCL;5901292529949;1819,09;EUR;in stock;LAB-4600
"Samsung S85F 83"" 4K OLED";Samsung;8806095994574;1784,15;EUR;in stock;LAB-4602
"TCL A400 Pro 32"", Light walnut woodgrain";TCL;5901292530068;533,11;EUR;in stock;LAB-4603
"LG OLED evo C6 77"" 4K (C64)";LG Electronics;8806096686140;2776,94;EUR;out of stock;LAB-4604
"LG NU80 85"" (2026), Black";LG Electronics;8806096720134;1078,92;EUR;preorder;LAB-4605
"LG NU80 65"" (2026), Black";LG Electronics;8806096720196;699,00;EUR;in stock;LAB-4606
"LG OLED evo G6 48"" 4K, stand";LG Electronics;8806096707142;1709,05;EUR;in stock;LAB-4608
"LG OLED evo G6 55"" 4K, stand";LG Electronics;8806096685921;2686,88;EUR;out of stock;LAB-4609
"Philips OLED911 65"" 4K OLED Ambilight";Philips;8718863052136;3708,94;EUR;preorder;LAB-4611
"Philips OLED951 77"" 4K OLED Ambilight";Philips;8718863052198;5819,03;EUR;in stock;LAB-4612
"HP EliteBook 8 G2i tietokone 13"", Windows 11 Pro (DE7B8AT#UUW)";HP;0821844971673;2524,13;EUR;out of stock;LAB-4613
"HP ZBook X G2i tietokone 16"", Windows 11 Pro (DH1L2ET#UUW)";HP;0826581096047;3048,25;EUR;in stock;LAB-4614
"Sony Bravia 3 II 50"" (XR32), Black";Sony;4548736177727;1252,86;EUR;out of stock;LAB-4615
"Lenovo ThinkPad T14s 2-in-1 Gen 2 tietokone 14"", Windows 11 Pro (21YY003GMX)";Lenovo;0199276518255;3291,30;EUR;in stock;LAB-4616
"Dell Pro 15 Essential tietokone 15.6"", Windows 11 Pro (6MHYK)";Dell;5397184967843;1286,22;EUR;out of stock;LAB-4617
"HP HyperX OMEN 15-ga0008no pelikannettava 15.3"", Windows 11 Home (D6QS1EA)";HP;0821844130322;1532,59;EUR;in stock;LAB-4618
"TCL C79K 65"", Black";TCL;5901292527198;1078,92;EUR;out of stock;LAB-4619
"Lenovo ThinkPad L16 Gen 3 tietokone 16"", Windows 11 Pro (21XC001TMX)";Lenovo;0199276061287;1890,49;EUR;in stock;LAB-4620
"Samsung S95F 65"" 4K QD-OLED (TQ)";Samsung;8806097077985;1936,98;EUR;in stock;LAB-4621
"Asus Vivobook S14 D3407KA-OPEN2 14"" kannettava, ilman käyttöjärjestelmää, harmaa";Asus;4711636535465;765,59;EUR;in stock;LAB-4622
"TCL C89K 75"", Black";TCL;5901292527778;1885,89;EUR;preorder;LAB-4623
"LG OLED B5 48"" 4K (API)";LG Electronics;8806096353806;1467,87;EUR;in stock;LAB-4624
"LG OLED evo C5 77"" 4K (C55)";LG Electronics;8806096363621;3131,04;EUR;in stock;LAB-4625
"LG LR6000 - Full HD LED TV 43"" (API)";LG Electronics;8806096520970;502,88;EUR;in stock;LAB-4627
"LG UA73 55"", Black";LG Electronics;8806096340301;642,51;EUR;in stock;LAB-4628
Samsung Galaxy S25 Ultra 5G, 512 GB, Titanium Black;Samsung;8806095815718;1282,93;EUR;in stock;LAB-4629
Samsung Galaxy S25+ 5G, 256 GB, Mint;Samsung;8806095858630;939,55;EUR;out of stock;LAB-4630
"Apple MacBook Air 15.3"" (M4, 2025) (MC7D4), 512 GB, Sky Blue";Apple;0195949894084;2263,38;EUR;out of stock;LAB-4631
"LG OLED B5 48"" 4K";LG Electronics;8806096353790;749,00;EUR;in stock;LAB-4632
"Samsung U8000F 75"", 4K UHD, Black, LED LCD";Samsung;8806097068617;581,39;EUR;out of stock;LAB-4634
"Hisense E7Q 75"", 4K UHD, Black, QLED";Hisense;6942351418995;678,69;EUR;preorder;LAB-4635
"LG NANO81 AI 75"", Black, LED LCD, NanoCell";LG;8806096362266;554,39;EUR;in stock;LAB-4636
"Samsung Q7F 75"", 4K UHD, Black, QLED";Samsung;8806097118602;662,99;EUR;out of stock;LAB-4637
"Hisense E7Q PRO 75"", 4K UHD, Black, QLED";Hisense;6942351416885;675,99;EUR;in stock;LAB-4638
"Philips PUS8510 75"", 4K UHD, Black, QLED";Philips;8718863046197;722,69;EUR;in stock;LAB-4639
"LG QNED82 AI 75"", 4K UHD, Black, QNED";LG;8806096403457;787,49;EUR;out of stock;LAB-4640
"LG NANO85 AI 75"", 4K UHD, Black, LED LCD";LG;8806096703205;689,99;EUR;in stock;LAB-4641
"Samsung U8092 75"", 4K UHD, Black, LED LCD";Samsung;8806097977520;805,59;EUR;in stock;LAB-4642
"Samsung M70H 75"", 4K UHD, Black, Mini LED";Samsung;8806097968986;863,99;EUR;in stock;LAB-4643
"LG QNED72 AI 75"", 4K UHD, Black, QNED Mini LED";LG;8806096729564;713,39;EUR;preorder;LAB-4644
"Hisense E7S 75"", 4K UHD, Black, HI-QLED";Hisense;6942351431901;898,15;EUR;in stock;LAB-4645
"Samsung M80H 75"", 4K UHD, Black, Mini LED";Samsung;8806099014247;950,59;EUR;in stock;LAB-4646
"Samsung QN70F 75"", 4K UHD, Black, Neo QLED, Mini LED";Samsung;8806095916842;1139,99;EUR;in stock;LAB-4647
"TCL P79L 75"", 4K UHD, Black, QLED";TCL;5901292531331;1018,71;EUR;out of stock;LAB-4648
"LG QNED86 evo AI 75"", 4K UHD, Black, QNED, Mini LED";LG;8806096360699;906,39;EUR;out of stock;LAB-4649
"Hisense U7Q PRO 75"", 4K UHD, Black, ULED, Mini LED";Hisense;6942351417462;1071,20;EUR;in stock;LAB-4650
"LG evo AI QNED83 75"", 4K UHD, Black, QNED Mini LED";LG;8806096787670;1072,55;EUR;preorder;LAB-4651
"Hisense E8S 75"", 4K UHD, Black, ULED Mini LED";Hisense;6942351433967;1030,12;EUR;preorder;LAB-4652
"Samsung QN70H 75"", 4K UHD, Black, Neo QLED";Samsung;8806099024161;976,65;EUR;preorder;LAB-4653
"Sony Bravia 2 II S25M 75"", 4K UHD, Black, LED LCD";Sony;4548736180260;1266,21;EUR;in stock;LAB-4654
"Hisense U7SE 75"", 4K UHD, Black, ULED Mini LED";Hisense;6942351437903;1197,95;EUR;preorder;LAB-4655
"TCL A400U 75"", 4K UHD, Black, QD-Mini LED";TCL;5901292531881;1196,10;EUR;preorder;LAB-4656
"Sony BRAVIA 3 II XR35 75"", 4K UHD, Black, LED LCD";Sony;4548736177901;1231,12;EUR;in stock;LAB-4657
"Hisense U7S Pro 75"", 4K UHD, Black, ULED";Hisense;6942351437446;1484,23;EUR;preorder;LAB-4658
"TCL C79L 75"", 4K UHD, Black, SQD-Mini LED";TCL;5901292531140;1999,85;EUR;in stock;LAB-4659
"TCL RM7L 75"", 4K UHD, Black, RGB-Mini LED";TCL;5901292529987;1721,61;EUR;in stock;LAB-4660
"LG QNED87 evo AI 75"", 4K UHD, Black, QNED Mini LED";LG;8806096695586;1669,44;EUR;in stock;LAB-4661
"Samsung QN80H 75"", 4K UHD, Black, Neo QLED";Samsung;8806097943082;1486,65;EUR;in stock;LAB-4662
"LG Mini RGB evo AI MRGB88 75"", 4K UHD, Dark Gray, Mini RGB";LG;8806096732229;1910,02;EUR;in stock;LAB-4663
"TCL C8L 75"", 4K UHD, Black, SQD-Mini LED";TCL;5901292529895;2294,88;EUR;in stock;LAB-4664
"Hisense UR8S 75"", 4K UHD, Black, RGB Mini LED";Hisense;6942351436760;2306,08;EUR;preorder;LAB-4665
"LG OLED evo AI C5 77"", 4K UHD, OLED must";LG;8806096364406;1931,08;EUR;in stock;LAB-4666
"Samsung R85H 75"", 4K UHD, Black, Micro RGB";Samsung;8806099105402;2020,06;EUR;in stock;LAB-4667
"Philips OLED820 77"", 4K UHD, Dark Gray, OLED";Philips;8718863046784;2329,00;EUR;preorder;LAB-4668
"Samsung S85H 77"", 4K UHD, Black, OLED";Samsung;8806097963653;2542,94;EUR;in stock;LAB-4669
"Samsung The Frame Pro 75"", 4K UHD, Black, Neo QLED Mini LED";Samsung;8806099009366;2473,49;EUR;in stock;LAB-4670
"Hisense UR9S 75"", 4K UHD, Black, RGB Mini LED";Hisense;6942351436302;2908,62;EUR;in stock;LAB-4671
"LG OLED evo AI G5 77"", 4K UHD, Black, OLED";LG;8806096408933;2832,91;EUR;in stock;LAB-4672
"Samsung S90H 77"", 4K UHD, Black, OLED";Samsung;8806097953081;2304,63;EUR;in stock;LAB-4673
"Sony BRAVIA 7 II XR75 75"", 4K UHD, Black, RGB LED";Sony;4548736178298;2845,13;EUR;in stock;LAB-4674
"LG OLED evo AI C6 77"", 4K UHD, Dark Gray, OLED";LG;8806096686133;2829,14;EUR;out of stock;LAB-4675
"Sony Bravia 8 77"", 4K UHD, Dark Gray, OLED";Sony;4548736159730;2974,61;EUR;in stock;LAB-4676
"Philips OLED950 77"", 4K UHD, Black, OLED";Philips;8718863048344;3331,99;EUR;in stock;LAB-4677
"LG OLED evo AI G6 77"", 4K UHD, Black, OLED";LG;8806096686218;3983,79;EUR;out of stock;LAB-4678
"Samsung S95H 77"", 4K UHD, Black, OLED";Samsung;8806099138196;3599,00;EUR;in stock;LAB-4679
"Samsung S99H 77"", 4K UHD, Black, OLED";Samsung;8806099120481;4330,86;EUR;in stock;LAB-4680
"Sony BRAVIA 9 II XR95 75"", 4K UHD, Black, RGB LED";Sony;4548736178090;3966,78;EUR;out of stock;LAB-4681
"Samsung R95H 75"", 4K UHD, Black, Micro RGB";Samsung;8806097974390;3525,14;EUR;in stock;LAB-4682
"LG OLED evo AI W6 77"", 4K UHD, Black, OLED";LG;8806096835456;4590,88;EUR;in stock;LAB-4683
"LG Signature OLED Evo AI M5 77"", 4K UHD, Black, OLED";LG;8806096354223;5698,86;EUR;preorder;LAB-4684
"TCL X11L 75"", 4K UHD, Brown, SQD Mini LED";TCL;5901292529833;4513,52;EUR;in stock;LAB-4685
"Hisense E7S 85"", 4K UHD, Black, HI-QLED";Hisense;6942351432076;968,20;EUR;preorder;LAB-4686
"Samsung U8092 85"", 4K UHD, Black, LED LCD";Samsung;8806097977551;1253,19;EUR;out of stock;LAB-4688
"LG NANO85 AI 85"", 4K UHD, Black, LED LCD";LG;8806096725559;1287,06;EUR;in stock;LAB-4690
"Samsung M70H 85"", 4K UHD, Black, Mini LED";Samsung;8806097978275;1344,06;EUR;in stock;LAB-4692
"Hisense E7S PRO 85"", 4K UHD, Black, HI-QLED";Hisense;6942351436074;1324,62;EUR;out of stock;LAB-4694
"TCL P79L 85"", 4K UHD, Black, QLED";TCL;5901292531324;1453,39;EUR;in stock;LAB-4695
"Hisense E8S 85"", 4K UHD, Black, ULED Mini LED";Hisense;6942351434148;1397,77;EUR;preorder;LAB-4697
"Samsung M80H 85"", 4K UHD, Black, Mini LED";Samsung;8806099014506;1405,53;EUR;in stock;LAB-4699
"Hisense U7SE 85"", 4K UHD, Black, ULED Mini LED";Hisense;6942351438061;1435,92;EUR;in stock;LAB-4701
"Samsung QN70H 85"", 4K UHD, Black, Neo QLED";Samsung;8806099024277;1373,73;EUR;in stock;LAB-4703
"Hisense U7Q PRO 85"", 4K UHD, Black, ULED, Mini LED";Hisense;6942351417608;1515,24;EUR;out of stock;LAB-4705
"TCL A400U 85"", 4K UHD, Black, QD-Mini LED";TCL;5901292531904;1512,93;EUR;preorder;LAB-4707
"Hisense U7S Pro 85"", 4K UHD, Black, ULED";Hisense;6942351437590;2038,30;EUR;out of stock;LAB-4709
"TCL C79L 85"", 4K UHD, Black, SQD-Mini LED";TCL;5901292531133;1987,53;EUR;in stock;LAB-4711
"TCL RM7L 85"", 4K UHD, Black, RGB-Mini LED";TCL;5901292529970;2335,86;EUR;preorder;LAB-4713
"Sony BRAVIA 3 II XR35 85"", 4K UHD, Black, LED LCD";Sony;4548736177888;2049,00;EUR;preorder;LAB-4715
"Samsung QN80H 85"", 4K UHD, Black, Neo QLED";Samsung;8806097943099;1826,65;EUR;in stock;LAB-4717
"Hisense UR8S 85"", 4K UHD, Black, RGB Mini LED";Hisense;6942351436883;2652,36;EUR;in stock;LAB-4719
"Samsung S85H 83"", 4K UHD, Black, OLED";Samsung;8806097963660;2729,09;EUR;in stock;LAB-4721
Apple MacBook Neo 13 (A18 Pro, 2026), 512 GB, Blue, RUS, 6C/5C;Apple;2000003059478;1007,99;EUR;out of stock;LAB-4723
"HP ProBook 465 G11 16"", 512 GB, Silver, ENG, WUXGA, Ryzen 5";HP;0198990116921;727,99;EUR;in stock;LAB-4724
Google Pixel 10 Pro, 256 GB, Gray;Google;0840353925441;1054,49;EUR;out of stock;LAB-4725
"TCL C8L 85"", 4K UHD, Black, SQD-Mini LED";TCL;5901292529888;2976,93;EUR;out of stock;LAB-4726
"LG Mini RGB evo AI MRGB88 86"", 4K UHD, Dark Gray, Mini RGB";LG;8806096737019;3232,95;EUR;in stock;LAB-4728
"Samsung R85H 85"", 4K UHD, Black, Micro RGB";Samsung;8806099105419;3646,86;EUR;in stock;LAB-4730
"Sony BRAVIA 7 II XR75 85"", 4K UHD, Black, RGB LED";Sony;4548736178250;3761,77;EUR;in stock;LAB-4732
"Samsung The Frame Pro 85"", 4K UHD, Black, Neo QLED Mini LED";Samsung;8806099009397;3455,04;EUR;out of stock;LAB-4734
"Hisense UR9S 85"", 4K UHD, Black, RGB Mini LED";Hisense;6942351436371;3135,48;EUR;preorder;LAB-4736
"Samsung S95F 83"", 4K UHD, Black, OLED";Samsung;8806097078791;3994,92;EUR;in stock;LAB-4738
"Samsung S90H 83"", 4K UHD, Black, OLED";Samsung;8806097952978;4444,86;EUR;in stock;LAB-4739
"LG OLED evo AI C6 83"", 4K UHD, Dark Gray, OLED";LG;8806096758427;4288,90;EUR;in stock;LAB-4741
"Samsung S99H 83"", 4K UHD, Black, OLED";Samsung;8806099126254;5148,97;EUR;preorder;LAB-4743
"Sony BRAVIA 9 II XR95 85"", 4K UHD, Black, RGB LED";Sony;4548736178052;4517,10;EUR;in stock;LAB-4745
"LG OLED evo AI G6 83"", 4K UHD, Black, OLED";LG;8806096767948;4359,65;EUR;out of stock;LAB-4747
"LG QNED87 evo AI 86"", 4K UHD, Black, QNED Mini LED";LG;8806096713143;5457,94;EUR;in stock;LAB-4749
"Samsung R95H 85"", 4K UHD, Black, Micro RGB";Samsung;8806097974406;5710,98;EUR;in stock;LAB-4751
"LG OLED evo AI W6 83"", 4K UHD, Black, OLED";LG;8806096835869;5797,87;EUR;preorder;LAB-4753
"TCL RM9L 85"", 4K UHD, Black, RGB-Mini LED";TCL;5901292529864;6087,51;EUR;preorder;LAB-4755
"TCL X11L 85"", 4K UHD, Brown, SQD Mini LED";TCL;5901292529826;8029,28;EUR;out of stock;LAB-4756
"LG Signature OLED Evo AI M5 83"", 4K UHD, Black, OLED";LG;8806096396834;8323,89;EUR;out of stock;LAB-4758
"Samsung U9072 98"", 4K UHD, Black, LED LCD";Samsung;8806099137427;1978,59;EUR;out of stock;LAB-4760
"LG NANO AI NU90 98"", 4K UHD, Black, LED LCD";LG;8806096843246;2078,96;EUR;in stock;LAB-4761
"Samsung M90H 100"", 4K UHD, Black, Mini LED";Samsung;8806099140434;2294,88;EUR;preorder;LAB-4762
"Hisense U7Q 100"", 4K UHD, Black, Mini LED";Hisense;6942351418414;1976,64;EUR;preorder;LAB-4763
"Hisense E7S PRO 100"", 4K UHD, Black, HI-QLED";Hisense;6942351435909;2079,59;EUR;preorder;LAB-4764
"LG QNED93 evo AI 115"", 4K UHD, Black, QNED Mini LED";LG;8806096844663;4507,02;EUR;out of stock;LAB-4766
"TCL RM9L 98"", 4K UHD, Black, RGB-Mini LED";TCL;5901292529857;8772,93;EUR;out of stock;LAB-4767
"TCL C7K 115"", 4K UHD, Black, Mini LED";TCL;5901292525699;7469,10;EUR;in stock;LAB-4769
"eSTAR 22R2T2 22"", Black, LED, FullHD";eSTAR;5292403132296;122,21;EUR;out of stock;LAB-4770
"eSTAR 24R2T2 24"", Black, LED, HD";eSTAR;5292411440246;115,69;EUR;preorder;LAB-4771
"Philips PHS6000 24"", Dark Gray, LED, HD";Philips;8718863045961;177,59;EUR;in stock;LAB-4772
"Philips PHS6050 24"", Dark Gray, LED, HD";Philips;8718863051535;174,59;EUR;in stock;LAB-4773
"LG LB70 24"", Black, FHD, LED LCD";LG;8806096798775;176,39;EUR;in stock;LAB-4774
"Samsung F6002F 24"", Black, Full HD, LED";Samsung;8806097240877;182,39;EUR;preorder;LAB-4775
"Samsung F6002F 27"", Black, Full HD, LED";Samsung;8806097241447;215,59;EUR;preorder;LAB-4776
"Philips PHS5500 32"", Black, HD, LED LCD";Philips;8718863048160;108,74;EUR;out of stock;LAB-4778
"Hisense A4Q 32"", Black, HD, LED LCD";Hisense;6942351417943;168,94;EUR;in stock;LAB-4779
"Hisense A4S 32"", Black, HD, LED LCD";Hisense;6942351429205;197,74;EUR;in stock;LAB-4780
"Philips PFS6900 32"", Black, LED, Full HD";Philips;8718863048153;169,09;EUR;in stock;LAB-4781
"Philips PHS6050 32"", Dark Gray, LED, HD";Philips;8718863048177;191,89;EUR;in stock;LAB-4782
"LG LQ6380 32"" (2022), White, stand";LG;8806091256041;180,39;EUR;in stock;LAB-4784
"LG LQ6300 32"" (2022), Ceramic Black, stand";LG;8806091636959;229,59;EUR;preorder;LAB-4785
"Philips PFS6050 32"", Gray, LED, FHD";Philips;8718863051542;222,59;EUR;in stock;LAB-4786
"Hisense A5S 32"", Black, FHD, HI-QLED";Hisense;6942351429441;209,75;EUR;preorder;LAB-4787
"TCL S5L 32"", Black, FHD, QLED";TCL;5901292530389;260,67;EUR;in stock;LAB-4788
"Philips PQS6901 32"", Black, QLED, Full HD";Philips;8718863051580;260,99;EUR;in stock;LAB-4789
"Sony W800 32"", Black";Sony;4548736153448;356,49;EUR;in stock;LAB-4790
"Samsung The Frame LS03C 32"", Black, Full HD, QLED";Samsung;8806094949926;374,49;EUR;in stock;LAB-4791
"Hisense A5Q 40"", Black, Full HD, QLED";Hisense;6942351418315;229,59;EUR;out of stock;LAB-4792
"Hisense A4S 40"", Black, HD, LED LCD";Hisense;6942351429359;198,35;EUR;in stock;LAB-4793
"Philips PUS7000 43"", 4K UHD, Black, LED LCD";Philips;8718863046012;239,19;EUR;in stock;LAB-4795
"Hisense A6Q 43"", 4K UHD, Black, LED LCD";Hisense;6942351415628;223,19;EUR;in stock;LAB-4796
"Philips PFS6050 40"", Dark Gray, LED, FHD";Philips;8718863051559;220,99;EUR;in stock;LAB-4797
"Hisense A5S 40"", Black, FHD, HI-QLED";Hisense;6942351429632;286,75;EUR;preorder;LAB-4799
"Philips PUS8010 43"", 4K UHD, Black, LED";Philips;8718863046289;249,19;EUR;preorder;LAB-4801
"TCL S59K 43"", Black, FHD, QLED VA";TCL;5901292527440;269,99;EUR;out of stock;LAB-4802
"Hisense A6S 43"", 4K UHD, Black, VA LCD";Hisense;6942351430102;285,11;EUR;in stock;LAB-4803
"Philips PUS8560 43"", 4K UHD, Black, QLED";Philips;8718863045794;310,19;EUR;out of stock;LAB-4804
"LG NANO81 AI 43"", Black, LED LCD, NanoCell";LG;8806096362235;366,29;EUR;out of stock;LAB-4805
"TCL S5L 40"", Black, FHD, QLED";TCL;5901292530372;296,99;EUR;preorder;LAB-4807
"Philips PQS6901 40"", Black, QLED, Full HD";Philips;8718863051597;323,39;EUR;out of stock;LAB-4809
"Philips PUS8001 43"", 4K UHD, Black, LED";Philips;8718863051702;395,49;EUR;in stock;LAB-4811
"Samsung Q8F 43"", 4K UHD, Black, QLED";Samsung;8806097120193;369,99;EUR;preorder;LAB-4812
"LG QNED72 AI 43"", 4K UHD, Black, QNED Mini LED";LG;8806096729519;347,09;EUR;in stock;LAB-4813
"Philips PUS8510 43"", 4K UHD, Black, QLED";Philips;8718863045770;369,79;EUR;in stock;LAB-4815
"LG QNED86 evo AI 43"", 4K UHD, Black, QNED, Mini LED";LG;8806096396674;470,79;EUR;in stock;LAB-4817
"Philips The One PUS9060 43"", 4K UHD, Black, QLED";Philips;8718863045954;489,99;EUR;in stock;LAB-4819
"Sony Bravia 2 II S25M 43"", 4K UHD, Black, LED LCD";Sony;4548736180420;536,79;EUR;preorder;LAB-4820
"Philips PUS7000 50"", 4K UHD, Black, LED LCD";Philips;8718863046029;350,29;EUR;in stock;LAB-4822
"HP OmniBook 5 16"", 512 GB, Silver, ENG, WUXGA, OLED, i5";HP;0199485211961;711,99;EUR;in stock;LAB-4824
"Käytetyt tuotteet ZBook 15 G7 15.6"", Used";Käytetyt tuotteet;6419683017481;915,42;EUR;in stock;LAB-4825
"HP EliteBook X G1a 14"", Windows 11 Pro (B66T7AT)";HP;0198990436791;2755,28;EUR;in stock;LAB-4826
"Lenovo IdeaPad Slim 5 13.3"", Windows 11 Home (83J2001JMX)";Lenovo;0198155506222;985,79;EUR;out of stock;LAB-4827
Asus Zenbook A14, Windows 11 (UX3407QA-PURE1);Asus;4711387878446;1122,69;EUR;preorder;LAB-4828
"Apple MacBook Air 15.3"" (M4, 2025) (MC7A4), 256 GB, Sky Blue";Apple;0195949893148;1376,94;EUR;preorder;LAB-4829
"Käytetyt tuotteet Lenovo ThinkPad X1 Yoga Gen 5 tietokone 14"", Windows 11 Pro (LAP-X1YOGA-5TH-MX-C002), Used";Käytetyt tuotteet;5713552039682;561,75;EUR;in stock;LAB-4831
"Lenovo ThinkPad T14s Gen 6 14"", Windows 11 Pro (21TB001TMX)";Lenovo;0199271392270;2045,70;EUR;in stock;LAB-4832
"HP Laptop 15-fc0069no 15.6"", 256 GB, Black";HP;0199251660801;356,39;EUR;in stock;LAB-4833
"HP OMEN MAX 16-ak0007no pelikannettava 16"", Windows 11 (BV9P2EA)";HP;0199251660863;2231,99;EUR;in stock;LAB-4834
"HP Laptop 14-em0049no 14"" kannettava (BV9M7EA)";HP;0199251660719;367,99;EUR;preorder;LAB-4835
ASUS TUF Gaming A16 kannettava (FA608UP-QT016W), Windows 11;Asus;4711636132084;1274,99;EUR;preorder;LAB-4836
"Käytetyt tuotteet Microsoft Surface Laptop 5 13.5"", musta (11009002741l), Windows 11 Pro";Käytetyt tuotteet;0196388038893;791,99;EUR;in stock;LAB-4837
"Dell 14 Premium 14"", Windows 11 Pro (882V6)";Dell;5397184960622;2515,57;EUR;in stock;LAB-4838
"Dell 14 Premium 14"", Windows 11 Pro (Y94PD)";Dell;5397184960615;2976,54;EUR;in stock;LAB-4839
"Dell 16 Premium 16"", Windows 11 Pro (W56RR)";Dell;5397184967171;3023,99;EUR;out of stock;LAB-4840
Dell Pro Max 14 tietokone, Windows 11 Pro (5GXYM);Dell;5397184968253;2125,04;EUR;in stock;LAB-4841
Dell Pro Max 16 tietokone, Windows 11 Pro (5DT0K);Dell;5397184968635;2361,49;EUR;preorder;LAB-4842
Dell Pro Max 18 Plus tietokone, Windows 11 Pro (6FGFP);Dell;5397184967928;6159,24;EUR;in stock;LAB-4843
Dell Pro Max 18 Plus tietokone, Windows 11 Pro (W8DCT);Dell;5397184966945;5253,01;EUR;out of stock;LAB-4844
Dell Pro Max 14 Premium tietokone, Windows 11 Pro (0MTJ8);Dell;5397184966426;4140,92;EUR;preorder;LAB-4845
Dell Pro Max 16 Premium kannettava tietokone, Windows 11 Pro (HMJNX);Dell;5397184966211;3977,10;EUR;in stock;LAB-4846
HP ZBook Fury G1i 16 tietokone, Windows 11 Pro (98L65ET);HP;0199485083506;5358,46;EUR;in stock;LAB-4847
"Käytetyt tuotteet ProBook 440 G8 14"", 256 GB, Silver, Used";Käytetyt tuotteet;0195697325038;402,93;EUR;in stock;LAB-4848
"Käytetyt tuotteet ThinkPad X13 G2 13.3"", 512 GB, Wi-Fi, Black, Used";Käytetyt tuotteet;0195891344866;507,31;EUR;out of stock;LAB-4849
"Käytetyt tuotteet EliteBook 830 G6 13.3"", 240 GB, Wi-Fi, Silver, Used";Käytetyt tuotteet;0193905604593;292,56;EUR;out of stock;LAB-4850
"Dell Pro 14 Essential tietokone 14"", Windows 11 Pro (J8JNW)";Dell;5397184977095;601,99;EUR;out of stock;LAB-4851
"Dell Pro 14 Essential tietokone 14"", Windows 11 Pro (3Y6TN)";Dell;5397184977002;903,99;EUR;preorder;LAB-4852
"LG NU80 55"" (2026), Black";LG Electronics;8806096719756;616,55;EUR;in stock;LAB-4853
"Lenovo LOQ 15AHP10 pelikannettava 15.6"", Windows 11 Home (83JG001WMX)";Lenovo;0198158501101;1379,49;EUR;out of stock;LAB-4854
HP ZBook 8 G2i 14 tietokone, Windows 11 Pro (DH1H6ET#UUW);HP;0826581094890;4661,02;EUR;in stock;LAB-4855
Dell Pro 16 Plus tietokone, Windows 11 Pro (P34G4);Dell;5397184969205;2520,72;EUR;in stock;LAB-4856
"Samsung QN73F 55"" (2025), Black, stand";Samsung;08806095972671;830,96;EUR;in stock;LAB-4857
"Samsung QN85F 55"" (2025), Eclipse Silver";Samsung;8806097210825;775,03;EUR;preorder;LAB-4858
"PEAQ PTV 43GQU-5025T Google QLED UHD TV 43""";PEAQ;4049011212923;265,99;EUR;in stock;LAB-4859
"STRONG SRT40FF2003C Full HD TV 40"" (2024)";STRONG;9120072377143;210,69;EUR;in stock;LAB-4860
"Samsung GQ QN 70 55"", Glossy";Samsung;8806095911434;561,11;EUR;in stock;LAB-4861
"LG 50UA75006LA UHD Smart TV 50"" (2025)";LG Electronics;8806096348093;357,30;EUR;preorder;LAB-4862
"Sony BRAVIA 3 85"" (2025), Direct LED, X-Balanced Speaker, Dolby Vision/Atmos, IMAX Enhanced, Google TV";Sony;4548736167698;1554,83;EUR;out of stock;LAB-4863
"Samsung DU8070 Crystal UHD Smart TV 75"" (2024)";Samsung;8806095490229;1096,70;EUR;in stock;LAB-4864
"Philips 50PUS7800 4K QLED Smart TV 50"" (2025)";Philips;8718863046142;312,79;EUR;in stock;LAB-4865
"LG 75NANO80A6B 4K NanoCell Smart TV 75"" (2025)";LG Electronics;8806096365489;773,43;EUR;out of stock;LAB-4866
"TCL 55V6C 55""";TCL;5901292525989;375,10;EUR;preorder;LAB-4867
HISENSE 55E77Q PRO Fernseher (Flat, 55 Zoll / 139,7 cm, UHD 4K, SMART TV);Hisense;6942351416762;430,54;EUR;in stock;LAB-4868
SAMSUNG QN82F (2025) 65 Zoll Neo QLED 4K Mini LED Vision AI TV;Samsung;8806095995472;1186,92;EUR;in stock;LAB-4869
"Samsung GU75CU7199U 75"", Black, stand";Samsung;8806094883640;744,50;EUR;in stock;LAB-4870
"Samsung QE55Q80BAT 55""";Samsung;8806094224153;842,29;EUR;out of stock;LAB-4871
"Samsung GU55CU7199U 55"", Glossy, Black, stand";Samsung;8806094882148;340,31;EUR;in stock;LAB-4872
"Samsung TQ75Q80DAT 75"", Glossy, stand";Samsung;8806095492001;1481,89;EUR;in stock;LAB-4873
HISENSE 55E6NT Fernseher (Flat, 55 Zoll / 139,70 cm, UHD 4K, SMART TV);Hisense;6942351406367;497,77;EUR;preorder;LAB-4874
"THOMSON 65QG4S14 65""";THOMSON;9120106662894;782,16;EUR;in stock;LAB-4875
"Sony FWD-77XR80 77"", Glossy, Black, stand";Sony;5013493474635;6208,40;EUR;in stock;LAB-4876
"Philips 50PUS8510 50""";Philips;8718863045817;430,54;EUR;in stock;LAB-4877
SAMSUNG The Frame TQ65LS03FWU Fernseher (Flat, 65 Zoll / 165,1 cm, UHD 4K, SMART TV);Samsung;8806097124399;2170,86;EUR;out of stock;LAB-4878
"Samsung GQ QN 70 85"", Glossy";Samsung;8806095916828;2639,25;EUR;out of stock;LAB-4879
"HP OMEN 16-ap0902ng 16"", 1 TB, Shadow Black";HP;0199251186080;1821,12;EUR;preorder;LAB-4881
"HP 255R G10 15.6"", 1 TB, Dark Ash Silver";HP;4262595980020;681,45;EUR;in stock;LAB-4882
"Asus ExpertBook PM1 15.6"", 250 GB, Gray";Asus;4718017348201;1002,06;EUR;in stock;LAB-4883
"HP ProBook 440 G7 14"", 256 GB, Silver, Refurbished";HP;4262595980822;309,43;EUR;in stock;LAB-4884
"Asus ROG Strix G18 18"", 4 TB, Gray";Asus;4718017350129;4257,53;EUR;in stock;LAB-4885
"Asus ROG Strix G18 18"", 2 TB, Gray";Asus;4718017350846;3208,07;EUR;out of stock;LAB-4886
"Asus ROG Strix G18 18"", 1 TB, Gray";Asus;4718017350747;2519,37;EUR;preorder;LAB-4888
ASUS ROG Strix G18, Office 2024 Pro, Notebook mit 18 Zoll Display, AMD Ryzen 9 Prozessor, 16 GB RAM, 4 TB SSD, Eclipse Gray;Asus;4718017350532;2123,34;EUR;out of stock;LAB-4889
"Asus ROG Strix G18 18"", 8 TB, Gray";Asus;4718017350921;2783,69;EUR;out of stock;LAB-4890
"FUJITSU LifeBook U7411 14"", 512 GB, Silver";FUJITSU;4262595980846;387,72;EUR;out of stock;LAB-4891
"Lenovo ThinkBook 14 IIL 14"", 256 GB, Silver";Lenovo;4262595980402;301,99;EUR;preorder;LAB-4892
"HP HyperX OMEN Gaming Laptop PC 16-ap1903ng 16"", AMD Ryzen 7 8745HX Prozessor, 16 GB, Full-HD, 1 x 16 GB, Windows 11 Home, GeForce RTX 5060";HP;0821844476154;2018,99;EUR;out of stock;LAB-4893
"Asus TUF A18 18"", 4 TB, Jaeger Gray";Asus;4718017349109;2609,17;EUR;in stock;LAB-4894
"HP EliteBook 6 G1a 16"", 1 TB";HP;0199251511585;2317,33;EUR;in stock;LAB-4895
"HP EliteBook 8 G1i 16"", 512 GB";HP;0199251511370;1648,03;EUR;in stock;LAB-4896
"Acer Nitro V17 AI 17.3"", 4 TB, Black";Acer;4711121268601;2202,37;EUR;in stock;LAB-4897
"Asus TUF A18 18"", 8 TB, Gray";Asus;4718017349444;3262,43;EUR;in stock;LAB-4898
ASUS TUF A18, Office 2024 Pro, Notebook mit 18 Zoll Display, AMD Ryzen 7 Prozessor, 128 GB RAM, 4 TB SSD, Jaeger Gray;Asus;4718017349567;3644,62;EUR;preorder;LAB-4900
"Lenovo LOQ 17IRX10 17.3"", 500 GB, Luna Grey";Lenovo;0194778253413;2226,24;EUR;in stock;LAB-4901
"Samsung GQ43Q8FAAUXZG 43"", Titangrau, stand";Samsung;8806097110668;488,05;EUR;out of stock;LAB-4902
XIAOMI Ready Android TV P1E Fernseher (Flat, 32 Zoll / 81,28 cm, HD, SMART TV);Xiaomi;6971408156436;224,99;EUR;preorder;LAB-4903
"Samsung Series 7 UE43CU7092U 43"", Glossy, Black, stand";Samsung;8806095312767;254,15;EUR;in stock;LAB-4904
"Samsung Series 7 65"", Glossy";Samsung;8806094412437;468,28;EUR;in stock;LAB-4905
"Samsung UE50AU7025 50"", Black";Samsung;8806094416633;290,45;EUR;in stock;LAB-4906
"CHIQ 43 G 7 LX 43""";CHIQ;8592344204258;257,99;EUR;preorder;LAB-4907
"LG 50UR78003LK 50"", Black";LG;8806087093643;560,47;EUR;out of stock;LAB-4909
"Philips 32PHS6009/12 32""";Philips;8718863040997;232,90;EUR;preorder;LAB-4912
"SAMSUNG 100"" Mini LED M90H, NQ4 AI Gen2 Prozessor, Motion Xcelerator 144Hz, Vision AI TV (2026)";Samsung;8806099140441;2620,86;EUR;in stock;LAB-4916
"LG OLED55C49LA OLED evo C4 4K Smart TV 55"" (2024)";LG Electronics;8806096004463;1307,04;EUR;preorder;LAB-4920
"WE. BY LOEWE SEE 55"", Glossy";WE. BY LOEWE;4011880177368;2276,23;EUR;preorder;LAB-4922
"SHARP 65HP6465E 65"", Glossy, Black, stand";SHARP;5905683274739;520,15;EUR;out of stock;LAB-4925
"Samsung GQ 43 Q 60 AAUXZG 43""";Samsung;8806090890802;350,54;EUR;in stock;LAB-4926
"Samsung GQ 43 Q 60 TGUXZG 43"", Glossy, Nachtschwarz, stand";Samsung;8806090318467;387,44;EUR;in stock;LAB-4927
SAMSUNG GQ 50 Q 60 TGUXZG QLED TV (Flat, 50 Zoll / 125 cm, UHD 4K, SMART TV);Samsung;8806090318474;489,06;EUR;in stock;LAB-4928
SAMSUNG GQ 50 LS 03 AAUXZG QLED TV (Flat, 50 Zoll / 125 cm, UHD 4K, SMART TV);Samsung;8806092050709;603,00;EUR;in stock;LAB-4929
"Samsung GQ 50 LS 03 DAUXZG 50"", Glossy";Samsung;8806095429533;628,85;EUR;out of stock;LAB-4930
Apple IPHONE 14 Polarstern Dual SIM, 128 GB, White;Apple;0194253408581;362,52;EUR;in stock;LAB-4931
VIVO X300, 256 GB, Phantom Black, Dual SIM;VIVO;6932204515513;826,81;EUR;out of stock;LAB-4932
OPPO Find X9 Pro Zweifarbig Dual SIM, 512 GB;OPPO;6932169382700;936,45;EUR;preorder;LAB-4933
Asus Vivobook S14, Windows 11 (M5406KA-PP110W);Asus;4711387900727;1115,99;EUR;preorder;LAB-4934
Asus Vivobook S14, Windows 11 (M5406KA-QD015W);Asus;4711387867358;1369,59;EUR;out of stock;LAB-4935
"Apple MacBook Air 15.3"" (M4, 2025) (MW1L3), 256 GB, Keskiyö";Apple;0195949841958;1886,15;EUR;in stock;LAB-4936
"ASUS Vivobook 15 OLED 15"" kannettava (D1505YA-L1370W), Windows 11";Asus;4711387878750;764,99;EUR;in stock;LAB-4937
"Asus Vivobook 14 14"", 512 GB, Indie Black";Asus;4711387889350;791,01;EUR;in stock;LAB-4938
"Samsung QN80F 55"", Carbon Silver, 4K, Mini-LED";Samsung;8806095995540;594,15;EUR;out of stock;LAB-4939
"Samsung QN900F 85"" (2025), Titan Black";Samsung;8806097068297;5695,11;EUR;in stock;LAB-4940
"Samsung QN80F 75"", Carbon Silver, 4K, Mini-LED";Samsung;8806095995496;2327,03;EUR;preorder;LAB-4941
Käytetyt tuotteet Lenovo ThinkPad L15 G1 tietokone, Windows 11 Pro (LAP-L15G1-MX-A005), Used;Käytetyt tuotteet;5713552035288;672,10;EUR;in stock;LAB-4943
"HP OmniBook Ultra 14-fd0031no 14"", Windows 11 (B19JKEA)";HP;0198828348944;1478,99;EUR;in stock;LAB-4944
"VICTUS 15-fa2701no (B7UG3EA) 15,6"" pelikannettava";HP;0198990345994;615,99;EUR;out of stock;LAB-4945
"Asus Vivobook S16 16"", 16 GB RAM, Wi-Fi, Matte, Gray";Asus;4711636025713;1115,49;EUR;in stock;LAB-4946
"Käytetyt tuotteet Lenovo ThinkPad L14 Gen 1 tietokone 14"", Windows 11 Pro (LAP-L14G1-MX-A020), Used";Käytetyt tuotteet;5713552041302;483,00;EUR;out of stock;LAB-4947
Käytetyt tuotteet Lenovo ThinkPad T14s G1 tietokone, Windows 11 Pro (LAP-T14SG1-MX-A010), Used;Käytetyt tuotteet;5713552029461;556,50;EUR;in stock;LAB-4948
"Lenovo ThinkPad P14s Gen 6 tietokone 14.5"", Windows 11 Pro (21QT000GMX)";Lenovo;0199271817834;3497,35;EUR;in stock;LAB-4949
"Lenovo ThinkPad P14s Gen 6 tietokone 14.5"", Windows 11 Pro (21QT0016MX)";Lenovo;0199271874318;3606,12;EUR;out of stock;LAB-4950
"Lenovo ThinkPad P16s Gen 4 tietokone 16"", Windows 11 Pro (21QV000VMX)";Lenovo;0199271908969;2855,70;EUR;in stock;LAB-4951
"Lenovo ThinkPad P1 Gen 8 tietokone 16"", Windows 11 Pro (21Q8000FMX)";Lenovo;0199272079873;5049,48;EUR;in stock;LAB-4952
"Lenovo ThinkPad P1 Gen 8 tietokone 16"", Windows 11 Pro (21Q80000MX)";Lenovo;0199272086468;4654,00;EUR;in stock;LAB-4953
"Lenovo ThinkPad P1 Gen 8 tietokone 16"", Windows 11 Pro (21Q80002MX)";Lenovo;0199272080060;4467,19;EUR;in stock;LAB-4954
"Käytetty Lenovo ThinkPad T14 Gen 1 14"" kannettava tietokone, Windows 11 Pro (RF-000160406)";Käytetyt tuotteet;5713518290331;506,52;EUR;in stock;LAB-4955
Asus ExpertBook P3 tietokone, Windows 11 Pro (PM3406CKA-LY0354XW);Asus;4711636200028;860,20;EUR;out of stock;LAB-4956
"Asus TUF Gaming F16 16"", 512 GB, Wi-Fi, Black";Asus;4711636015622;1259,99;EUR;in stock;LAB-4957
"HP 14-em0058no tietokone 14"", hopea (CF9W4EA)";HP;0199642886384;592,92;EUR;preorder;LAB-4958
"Dell Pro 14 Essential tietokone 14"", Windows 11 Pro (RP05R)";Dell;5397184977248;678,99;EUR;in stock;LAB-4959
"LG QNED86B 75"" (2026)";LG Electronics;8806096700280;2159,10;EUR;out of stock;LAB-4960
"LG QNED8EB 43"" (2026)";LG Electronics;8806096717486;455,05;EUR;in stock;LAB-4961
"HP OMEN 14-fb1004no pelikannettava 14"", Windows 11 Home (BQ2S7EA), Black";HP;0199251435638;2092,99;EUR;in stock;LAB-4962
"Samsung DU7105 65"", Black";Samsung;2050000037351;424,15;EUR;in stock;LAB-4963
"Samsung GQ LS 03 65"", Glossy, stand";Samsung;8806092043152;851,61;EUR;preorder;LAB-4964
"Samsung GQ 75 Q 60 CAUXZG 75"", Glossy";Samsung;8806094779455;911,89;EUR;in stock;LAB-4965
"Samsung GQ Q 70 65"", Glossy";Samsung;8806094807172;648,92;EUR;in stock;LAB-4966
SAMSUNG GQ 65 QN 900 DTXZG QLED TV (Flat, 65 Zoll / 163 cm, UHD 8K, SMART TV);Samsung;8806095501321;1580,90;EUR;preorder;LAB-4967
Xiaomi Smart Band 10, Glacier Silver;Xiaomi;6932554419813;46,99;EUR;in stock;LAB-4968
"Philips The One PQS9011 43"", 4K UHD, Black, QLED";Philips;8718863051849;763,19;EUR;preorder;LAB-4969
"LG OLED evo AI C5 42"", 4K UHD, OLED must";LG;8806096356982;722,49;EUR;in stock;LAB-4970
"Philips OLED820 42"", 4K UHD, Dark Gray, OLED";Philips;8718863046562;923,12;EUR;in stock;LAB-4972
"Hisense E7Q 50"", 4K UHD, Black, QLED";Hisense;6942351418636;296,63;EUR;in stock;LAB-4974
"Hisense A6S 50"", 4K UHD, Black, VA LCD";Hisense;6942351430263;290,39;EUR;in stock;LAB-4976
"Philips PUS8010 50"", 4K UHD, Black, LED";Philips;8718863046296;353,49;EUR;in stock;LAB-4978
"Samsung Q7F 50"", 4K UHD, Black, QLED";Samsung;8806097118534;311,49;EUR;in stock;LAB-4980
"LG UHD AI UA75 50"", 4K UHD, Black, LED LCD";LG;8806096353011;328,99;EUR;in stock;LAB-4982
"Philips PUS8560 50"", 4K UHD, Black, QLED";Philips;8718863045831;331,19;EUR;out of stock;LAB-4983
"Philips PUS8001 50"", 4K UHD, Black, LED";Philips;8718863051719;400,49;EUR;in stock;LAB-4985
"Sony Bravia 3 S39 50"", 4K UHD, Black, LED LCD";Sony;4548736168022;556,19;EUR;in stock;LAB-4987
"TCL C7K 50"", 4K UHD, Black, Mini LED";TCL;5901292525750;563,99;EUR;in stock;LAB-4988
"Philips The One PUS9060 50"", 4K UHD, Black, QLED";Philips;8718863046104;689,99;EUR;in stock;LAB-4990
"Philips OLED770 48"", 4K UHD, Gray, OLED";Philips;8718863046760;629,99;EUR;in stock;LAB-4992
"Samsung S90F 48"", 4K UHD, Black, OLED";Samsung;8806097079422;717,74;EUR;in stock;LAB-4993
"Sony Bravia XR A90K 48"", Black, stand";Sony;4548736138414;1156,11;EUR;out of stock;LAB-4994
"Samsung S95H 48"", 4K UHD, Black, OLED";Samsung;8806097966678;1510,88;EUR;in stock;LAB-4995
"Hisense A6Q 55"", 4K UHD, Black, LED LCD";Hisense;6942351415765;324,37;EUR;in stock;LAB-4997
"Philips MLED820 55"", 4K UHD, Black, QD Mini LED";Philips;8718863046661;443,99;EUR;in stock;LAB-4999
"Hisense E7Q PRO 55"", 4K UHD, Black, QLED";Hisense;6942351416212;429,51;EUR;preorder;LAB-5000
"Hisense E8Q 55"", 4K UHD, Black, ULED, Mini LED";Hisense;6942351419862;377,10;EUR;preorder;LAB-5002
ASUS VivoBook S 14 kannettava (D3407HA-SF084W), Windows 11;Asus;4711636142328;1060,49;EUR;preorder;LAB-5003
"Asus Vivobook Go 14 14"", 512 GB, Wi-Fi, Cool Silver";Asus;4711636139557;519,99;EUR;in stock;LAB-5004
"HP EliteBook 8 Flip G1i 13.3"", 512 GB, Glacier silver";HP;0199251428777;2765,38;EUR;preorder;LAB-5005
"HP ZBook 8 G1i 16 16"", 512 GB, Wi-Fi, Meteor silver";HP;0199251711770;2610,87;EUR;in stock;LAB-5006
ASUS Vivobook S16 kannettava (D3607HA-SH100W), Windows 11;Asus;4711636132176;1224,99;EUR;preorder;LAB-5007
"Käytetyt tuotteet Apple MacBook Air Retina M1 2020 tietokone 13"", Gray, kuntoluokka, A (1063732), Used";Käytetyt tuotteet;6419683018914;814,98;EUR;in stock;LAB-5008
"Lenovo ThinkBook 16 Gen 8 tietokone 16"", Windows 11 Pro (21SK0075MX)";Lenovo;0198156298430;849,99;EUR;in stock;LAB-5009
"Lenovo ThinkPad X1 Carbon Gen 13 Aura Edition 13.3"", Windows 11 Pro (21NS0103MX)";Lenovo;0199274058128;2119,00;EUR;in stock;LAB-5010
Lenovo ThinkPad T14 Gen 6 kannettava (21QG004UMX);Lenovo;0199273775200;2266,78;EUR;out of stock;LAB-5011
Lenovo ThinkPad T14 Gen 6 tietokone, Windows 11 Pro (21QG006BMX);Lenovo;0199273897223;1807,95;EUR;in stock;LAB-5013
"LG QNED86B 55"" (2026)";LG Electronics;8806096694138;1439,10;EUR;in stock;LAB-5014
"Lenovo Legion Pro 7 16AFR10H pelikannettava 16"", Windows 11 Home (83RU001JMX)";Lenovo;0199272753193;3249,99;EUR;preorder;LAB-5016
"HP OMEN 14-fb1000no pelikannettava 14"", Windows 11 Home (BQ2R9EA), Black";HP;0199251435560;2967,99;EUR;in stock;LAB-5017
Apple iPhone 16 Plus, sinivihreä (MXY53), 256 GB;Apple;0195949723919;1016,10;EUR;in stock;LAB-5018
SAMSUNG GQ 55 Q 80 TGTXZG QLED TV (Flat, 55 Zoll / 138 cm, UHD 4K, SMART TV);Samsung;8806090300646;483,11;EUR;preorder;LAB-5019
"Samsung GQ 65 Q 80 TGTXZG 65"", Glossy, Carbonsilber, stand";Samsung;8806090347504;679,92;EUR;in stock;LAB-5020
SAMSUNG GQ 75 Q 80 TGTXZG QLED TV (Flat, 75 Zoll / 189 cm, UHD 4K, SMART TV);Samsung;8806090347528;1246,95;EUR;in stock;LAB-5021
SAMSUNG GQ 75 Q 70 DATXZG QLED TV (Flat, 75 Zoll / 189 cm, UHD 4K, SMART TV);Samsung;8806095436463;1043,09;EUR;in stock;LAB-5022
Google Pixel 10, 128 GB, Obsidian, Dual SIM;Google;0840353926905;581,99;EUR;preorder;LAB-5023
OPPO Reno16 5G, 512 GB, Black;OPPO;6942675412600;910,86;EUR;in stock;LAB-5024
Xiaomi Redmi Note 15 Pro 5G, 256 GB, Black, Dual SIM;Xiaomi;6932554471521;321,99;EUR;out of stock;LAB-5025
Google Fitbit Air, Lavender, Fitness Tracker;Google;0840353943360;95,99;EUR;in stock;LAB-5026
